<?xml version="1.0"?>
<document>

    <properties>
        <title>Packaging a release</title>
        <author email="mbowler@GargoyleSoftware.com">Mike Bowler</author>
        <author email="asashour@users.sourceforge.net">Ahmed Ashour</author>
        <revision>$Revision: 7933 $</revision>
    </properties>

    <body>
        <section>
            <p>
                This document is intended for committers who are packaging a release.  It likely won't be
                of much use to anyone else.
            </p>
            <p>
            	If this is the first time you're doing a release you'll need to perform
            	some setup.
            	<ol>
           			<li>
           				Configure your SourceForge username in ~/.m2/settings.xml (see <a href="http://maven.apache.org/guides/mini/guide-deployment-security-settings.html">Security and Deployment Settings</a>). 
						As an example, my settings.xml looks like:
<source>
<![CDATA[<settings>
  ...
  <servers>
    <server>
      <id>htmlunit-website</id>
      <username>mguillem,htmlunit</username>
      <!-- optional element:
        <password>your-sourceforge-pwd</password>
      -->
    </server>
    <server>
      <id>sonatype-nexus-snapshots</id>
      <username>your-jira-id</username>
      <!-- optional element:
        <password>your-jira-pwd</password>
      -->
    </server>
    <server>
      <id>sonatype-nexus-staging</id>
      <username>your-jira-id</username>
      <!-- optional element:
        <password>your-jira-pwd</password>
      -->
    </server>
  </servers>
  ...
</settings>]]></source>
           			</li>
           		</ol>
       		</p>
            <p>
                For SnapShots:
                <ol>
                    <li>
                        Add parent to the pom.xml:
<source><![CDATA[<parent>
    <groupId>org.sonatype.oss</groupId>
    <artifactId>oss-parent</artifactId>
    <version>7</version>
</parent>]]></source>
                    </li>
                    <li>
                        Execute "mvn -Dmaven.test.skip=true deploy"
                    </li>
                    <li>
                        Remove the parent project.
                    </li>
                </ol>
            </p>
            <p>
                Now do this for each release:
                <ol>
                    <li>
                        Update maven to latest version, and delete ~/.m2/repository folder.
                    </li>
                    <li>
                        Update the version number in pom.xml
                    </li>
                    <li>
                        Update the version number and release date in src/site/xdoc/index.xml
                    </li>
                    <li>
                        Update the release date in src/changes/changes.xml
                    </li>
                    <li>
                        Remove pom.xml reference to any snapshot repository (needed for Maven upload request).
                    </li>
                    <li>
                        Remove &lt;repositories&gt; and &lt;pluginRepositories&gt; elements from pom.xml.
                    </li>
                    <li>
                        Build the zip files
                        <source>mvn -up clean site package</source>
                    </li>
                    <li>
                        Upload the two zip files (htmlunit-x.y-bin.zip and htmlunit-x.y-src.zip) to
                        <a href="https://sourceforge.net/projects/htmlunit/files/htmlunit/">SourceForge</a>,
                        and make sure the binary file is the default download for all platforms.
                    </li>
                    <li>
                        Build the OSGi bundle
                        <source>mvn -Dmaven.test.skip=true org.apache.felix:maven-bundle-plugin:bundle</source>
                    </li>
                    <li>
                        Rename 'htmlunit-x.y.jar' to 'htmlunit-x.y-OSGi.jar',
                        and upload it to SourceForge files.
                    </li>
                    <li>
                        Add a new Milestone in SourceForge bugs system.
                    </li>
                    <li>
                        Make sure everything is checked in and tag the release:
                    <source>
mvn scm:tag
</source>
                    </li>
                    <li>
                        Ensure HtmlUnit-related dependencies are 'tagged' in the repository.
                    </li>
                    <li>Deploy the release to Sonatype OSS Maven repository (which is the way we have to go to deploy to the main repository).
                    This process should be improved. Here is what has been done to deploy release 2.11:
                    mvn -up -Dmaven.test.skip=true clean site package
                    <source>
mvn javadoc:jar
mvn gpg:sign-and-deploy-file -Durl=https://oss.sonatype.org/service/local/staging/deploy/maven2/ -DrepositoryId=sonatype-nexus-staging -DpomFile=pom.xml -Dfile=target/htmlunit-2.11.jar
mvn gpg:sign-and-deploy-file -Durl=https://oss.sonatype.org/service/local/staging/deploy/maven2/ -DrepositoryId=sonatype-nexus-staging -DpomFile=pom.xml -Dfile=target/htmlunit-2.11-sources.jar -Dclassifier=sources
mvn gpg:sign-and-deploy-file -Durl=https://oss.sonatype.org/service/local/staging/deploy/maven2/ -DrepositoryId=sonatype-nexus-staging -DpomFile=pom.xml -Dfile=target/htmlunit-2.11-javadoc.jar -Dclassifier=javadoc
</source>
					and then go to <a href="https://oss.sonatype.org/index.html#stagingRepositories">Sonatype OSS staging repository</a> to close and release the artifacts.
                    </li>
                    <li>
                        Delete online website (/home/project-web/htmlunit/htdocs).
                    </li>
                    <li>
                    	Create a shell to shell.sourceforge.net with your username and project group
                    	(see <a href="http://maven.apache.org/plugins/maven-site-plugin/examples/site-deploy-to-sourceforge.net.html">Maven site plugin for details</a>).
                        <source>ssh -t mguillem,htmlunit@shell.sf.net create</source>
                    </li>
                    <li>
                        Deploy the site documentation (skipping the tests again).
                        <source>mvn -Dmaven.test.skip=true site:deploy</source>
                    </li>
                    <li>
                        Add pom.xml reference to previously removed snapshot repository.
                    </li>
                </ol>
            </p>
            
        </section>
    </body>
</document>

